customer_id,first_name,last_name,email,phone
1,John,Doe,johndoe@example.com,123-456-7890
2,Jane,Smith,janesmith@example.com,987-654-3210
3,Alice,Johnson,alicejohnson@example.com,555-123-4567
4,Michael,Brown,michaelbrown@example.com,999-888-7777
5,Emily,Williams,emilywilliams@example.com,444-555-6666
6,David,Jones,davidjones@example.com,111-222-3333
7,Sarah,Miller,sarahmiller@example.com,777-888-9999
8,James,Anderson,jamesanderson@example.com,333-222-1111
9,Emma,Taylor,emmataylor@example.com,666-777-8888
10,Matthew,Thomas,matthewthomas@example.com,888-999-0000
11,Samantha,White,samanthawhite@example.com,222-333-4444
12,Andrew,Martin,andrewmartin@example.com,555-666-7777
13,Olivia,Clark,oliviaclark@example.com,444-333-2222
14,Daniel,Hall,danielhall@example.com,777-888-9999
15,Chloe,Lee,chlolee@example.com,666-555-4444
16,Liam,Harris,liamharris@example.com,111-222-3333
17,Charlotte,King,charlotteking@example.com,888-777-6666
18,Mason,Wright,masonwright@example.com,555-444-3333
19,Amelia,Evans,ameliaevans@example.com,222-333-4444
20,Ethan,Adams,ethanadams@example.com,999-888-7777
21,Isabella,Hill,isabellahill@example.com,444-555-6666
22,Aiden,Carter,aidencarter@example.com,777-888-9999
23,Mia,Murphy,miamurphy@example.com,666-777-8888
24,Layla,Parker,laylaparker@example.com,111-222-3333
25,Noah,Kelly,noahkelly@example.com,888-999-0000
26,Lucas,Roberts,lucasroberts@example.com,222-333-4444
27,Harper,Gray,harpergray@example.com,555-666-7777
28,Mila,Johnson,milajohnson@example.com,444-333-2222
29,Avery,Bell,averybell@example.com,777-888-9999
30,Sebastian,Watson,sebastianwatson@example.com,666-555-4444
31,Evelyn,Cooper,evelyncooper@example.com,111-222-3333
32,Oliver,Bennett,oliverbennett@example.com,888-777-6666
33,Ella,Richardson,ellarichardson@example.com,555-444-3333
34,Alexander,Wood,alexanderwood@example.com,222-333-4444
35,Riley,Ward,rileyward@example.com,999-888-7777
36,Lily,Foster,lilyfoster@example.com,444-555-6666
37,Jack,Bailey,jackbailey@example.com,777-888-9999
38,Zoe,Alexander,zoealexander@example.com,666-777-8888
39,Carter,Hughes,carterhughes@example.com,111-222-3333
40,Sofia,Greene,sofiagreene@example.com,888-999-0000
41,Owen,Brooks,owenbrooks@example.com,222-333-4444
42,Grace,Nelson,gracenelson@example.com,555-666-7777
43,Henry,Butler,henrybutler@example.com,444-333-2222
44,Ella,Knight,ellaknight@example.com,777-888-9999
45,Aiden,Harrison,aidenharrison@example.com,666-555-4444
46,Addison,Fisher,addisonfisher@example.com,111-222-3333
47,Luna,Hudson,lunahudson@example.com,888-999-0000
48,Caleb,Gibson,calebgibson@example.com,222-333-4444
49,Arianna,Ramirez,ariannaramirez@example.com,222-333-4444
50,Jacob,Reyes,jacobreyes@example.com,999-888-7777
51,Delilah,Gomez,delilahgomez@example.com,444-555-6666
52,Logan,,loganross@example.com,666-777-8888
53,Stella,Bailey,stellabailey@example.com,111-222-3333
54,Lincoln,Reed,lincolnreed@example.com,888-999-0000
55,Lucy,Price,lucyprice@example.com,222-333-4444
56,Zachary,Sanders,,555-666-7777
57,Victoria,Stewart,victoriastewart@example.com,444-333-2222
58,Evan,Turner,evanturner@example.com,777-888-9999
59,Aria,Phillips,ariaphillips@example.com,666-555-4444
60,Nathan,Foster,nathanfoster@example.com,111-222-3333
61,Hannah,Holmes,hannahholmes@example.com,888-999-0000
62,Michael,Gordon,michaelgordon@example.com,222-333-4444
63,Madison,Watkins,madisonwatkins@example.com,999-888-7777
64,Skylar,Olson,skylarolson@example.com,444-555-6666
65,Dylan,Warren,dylanwarren@example.com,777-888-9999
66,Eleanor,Wallace,eleanorwallace@example.com,666-777-8888
67,Cameron,Welch,cameronwelch@example.com,111-222-3333
68,Autumn,Fowler,autumnfowler@example.com,888-999-0000
69,Connor,Wheeler,connorwheeler@example.com,222-333-4444
70,Penelope,Porter,penelopeporter@example.com,555-666-7777
71,Levi,Barnes,levibarnes@example.com,444-333-2222
72,Maya,Long,mayalong@example.com,777-888-9999
73,Gavin,Fisher,gavinfisher@example.com,666-555-4444
74,Aurora,Henry,aurorahenry@example.com,111-222-3333
75,Brayden,Foster,braydenfoster@example.com,888-999-0000
76,Arianna,Ramirez,ariannaramirez@example.com,222-333-4444
77,Jacob,Reyes,jacobreyes@example.com,999-888-7777
78,Delilah,Gomez,delilahgomez@example.com,444-555-6666
79,Lincoln,Peterson,lincolnpeterson@example.com,777-888-9999
80,Anna,Jordan,annajordan@example.com,666-777-8888
81,Xavier,Kelly,xavierkelly@example.com,111-222-3333
82,Elena,Edwards,elenaedwards@example.com,888-999-0000
83,Landon,Wells,landonwells@example.com,222-333-4444
84,Piper,Collins,pipercollins@example.com,555-666-7777
85,Jordan,Murphy,jordanmurphy@example.com,444-333-2222
86,Eli,Washington,eliwashington@example.com,777-888-9999
87,Quinn,Stewart,quinnstewart@example.com,666-555-4444
88,Samantha,Bell,samanthabell@example.com,111-222-3333
89,Joseph,Hughes,josephhughes@example.com,888-999-0000
90,Willow,Hall,willowhall@example.com,222-333-4444
91,Jaxon,Smith,jaxonsmith@example.com,999-888-7777
92,Audrey,Cooper,audreycooper@example.com,444-555-6666
93,Tristan,Bell,tristanbell@example.com,777-888-9999
94,Tristan,Bell,tristanbell@example.com,777-888-9999
95,Hudson,Evans,hudsonevans@example.com,111-222-3333
96,Bella,Parker,bellaparker@example.com,888-999-0000
97,Alexander,Morris,alexandermorris@example.com,222-333-4444
98,Kylie,Hayes,kyliehayes@example.com,555-666-7777
99,Gabriel,Cook,gabrielcook@example.com,444-333-2222
100,Ava,,avagray@example.com,777-888-9999
